CustomerID,Company,Contact,Phone
1,Zestybus Yuples Group,Francis Cline,(516) 282-7297
2,Dizoolexa Yuples Inc,Francis Sexton,(838) 792-4977
3,Yammoe Escencov Corp,Barbara Obrien,(534) 726-8376
4,Noodile Nopho Assoc,Eugene Cohen,(788) 493-4272
5,Loodon Gines Corp,Tyson Reeves,(384) 242-930
6,Replitz Bogitoenth Inc,Amado Hood,(839) 332-4439
7,Waratel Zednencle Inc,Shane Edwards,(885) 238-2827
8,Singlewave Fedacr Corp,Shane Mora,(213) 917-1603
9,Geosyog Vavena LLC,Maude Wu,(649) 340-3287
10,Aloidia Omnesso Assoc,Horacio Kline,(471) 577-5325
11,Waratel Roquitrub Inc,Virgil Calhoun,(478) 520-8179
12,Creabird Reshiporo Group,Reuben Walter,(444) 666-1605
13,Pegmode Occurr Inc,Dino Savage,(882) 612-5359
14,Loodon Lodynt Inc,Lucas Terry,(578) 239-666
15,Yammoe Mimin Ent,Moshe Rocha,(305) 444-5484
16,Jobox Jodero Corp,May Dodson,(305) 470-9854
17,Ybuwyn Eurem Assoc,Sharon Mcclure,(218) 782-7262
18,Reebus Fignatini Corp,Petra Reilly,(588) 619-1837
19,Claster Bogitoenth Inc,Serena Cohen,(763) 667-5711
20,Sertave Hientu Assoc,Courtney Cline,(359) 365-7411
21,Rowlow Wootyper LLC,Miquel Warren,(387) 545-342
22,Dropellet Phterm LLC,Cedrick Shields,(676) 854-9746
23,Ferirama Ancenterma Corp,Stephan Montgomery,(356) 439-100
24,Sepezz Ofambo Assoc,Eugenio Hansen,(417) 852-5302
25,Fuffap Jeweerapp Corp,Concepcion Mcguire,(245) 998-987
26,Dropellet Ringi LLC,Virgil Blair,(258) 886-9253
27,Pirend Omnitinal Assoc,Antone Barrett,(521) 397-557
28,Creabird Jehica Co,Jeffry Booker,(561) 440-8294
29,Mizuxe Fevento Assoc,Rosa Stephenson,(522) 786-1593
30,Fuffap Gastrin Assoc,Ellis Hurley,(753) 648-5199
31,Replitz Tsagetelli LLC,Kaitlin Austin,(284) 347-8773
32,Loodon Vavena Co,Eugene Case,(763) 824-6181
33,Reebus Shukablet Group,Juliette Jones,(921) 555-4164
34,Slabdrill Unroma Ent,Darius Carney,(317) 410-8519
35,Yammoe Baunca Ent,Toni Clay,(328) 665-4790
36,Jobox Jodero Corp,Elvia Parsons,(945) 952-3143
37,Creabird Reera Ent,Andy Fletcher,(769) 598-1932
38,Pirend Fignatini Inc,Tamra Burnett,(969) 993-5277
39,Firehorse Nudspo Assoc,Eugene Russell,(861) 274-6471
40,Bioyino Zoono  ,Daniel Mcintyre,(375) 316-4110
41,Slabdrill Teoutt Inc,Timmy Deleon,(779) 571-7724
42,Pepelexa Ambolo Co,Yvette Mata,(969) 874-1210
43,Singlewave Uttatio LLC,Garland Myers,(963) 411-930
44,Astauand Domov Inc,Graig Hurley,(368) 363-8400
45,Singlewave Diwaneu Ent,Fern Prince,(656) 737-5226
46,Losenoid Phterm Co,Dwight Gibson,(824) 449-9654
47,Ybuwyn Pompr LLC,Ester Weeks,(465) 749-4456
48,Reebus Domov Group,Graig Palmer,(387) 237-6737
49,Loopnova Mimin Group,Jospeh Castro,(611) 385-6906
50,Dizoolexa Adylliack Corp,Adrienne Hudson,(714) 412-9323
51,Uliratha Morsti Corp,Dianna Barry,(886) 220-8296
52,Loodon Ziresse Corp,Loyd Silva,(283) 541-3965
53,Losenoid Courwomin Inc,Lincoln Rowland,(453) 375-3529
54,Zestybus Wootyper  ,Sue Nicholson,(327) 795-3943
55,Drearien Goitlen Ent,Roosevelt Wu,(468) 331-4468
56,Tuttadit Numbr Intl,May Hood,(201) 775-1903
57,Xanpod Hawardlist Assoc,Willy Blair,(223) 629-6659
58,Ferirama Domov Corp,Garland Allen,(603) 296-2382
59,Plakill Cystor Inc,Earnestine Obrien,(858) 492-2101
60,Zestybus Icoosphom Corp,Jed Mcclure,(427) 684-9768
61,Creabird Kadne Inc,Mariano Gomez,(554) 657-6411
62,Kaloolon Omnitinal Inc,Elvia Baldwin,(201) 582-2270
63,Sepezz Uttatio LLC,Kieth David,(638) 511-2876
64,Roplixoo Bogitoenth  ,Jonas Foley,(273) 667-1534
65,Drearien Etnessinco Inc,Ursula Waller,(234) 234-2730
66,Claster Rubarlo Corp,Deanna Ponce,(689) 642-5710
67,Loopnova Domov  ,Wm Matthews,(885) 672-3591
68,Noodile Orriga Corp,Fern Huff,(906) 999-5938
69,Loopnova Pompr Group,Dorsey Garza,(701) 726-9797
70,Jobox Iness Group,Chi Vega,(589) 390-2266
71,Moderock Murialt Ent,Lemuel Jordan,(862) 712-8530
72,Aloidia Diwativoc Inc,Loyd Chan,(311) 538-6272
73,Plakill Miress Ent,Arlie Mcintyre,(406) 298-275
74,Loodon Reera Inc,Kaitlin Dyer,(682) 366-4238
75,Replitz Incep Inc,Anna Gross,(624) 845-6857
76,Pegmode Knesc Corp,Marla Francis,(824) 449-9654
77,Slabdrill Etnessinco Ent,Giuseppe Hensley,(737) 565-5710
78,Zestybus Ziresse LLC,Son Kline,(228) 766-1437
79,Pirend Morsti Inc,Dino Espinoza,(712) 879-9715
80,Sertave Piberiarri LLC,Jospeh Henderson,(678) 720-4910
81,Rowlow Iness Corp,Nettie Huff,(512) 223-5374
82,Mizule Yoderc Co,Columbus Gilbert,(477) 892-7729
83,Waratel Tapingle Assoc,Debbie Palmer,(207) 450-8395
84,Zestybus Jodero Inc,Clare Whitehead,(374) 397-4321
85,Zestybus Pebeadella LLC,Barbara Mullen,(918) 948-5243
86,Noodile Djecali LLC,Rogelio Gilbert,(823) 474-808
87,Sepezz Gipterject Co,Joe Welch,(889) 248-1310
88,Singlewave Omnesso Ent,Fermin Case,(931) 375-6222
89,Loheckle Murialt Intl,Sharon Hines,(236) 423-9542
90,Ferirama Miress LLC,Amado Mata,(429) 531-8766
91,Loheckle Orriga Co,Angelia Bass,(847) 997-5612
92,Zestybus Gines Intl,Marsha Mata,(207) 361-1775
93,Pirend Piberiarri Corp,Kieth Hood,(412) 253-9588
94,Kaloolon Ubiteadra Group,Chrystal Haley,(675) 865-8783
95,Pepelexa Hucalw  ,Malinda Cabrera,(964) 785-6398
96,Rowlow Drumeno Ent,Roxanne Edwards,(228) 848-6995
97,Pounit Jeweerapp Group,Arlie Leach,(629) 955-8781
98,Fuffap Fignatini Ent,Wade Vega,(336) 518-3922
99,Yammoe Oartinge Group,Ester Crosby,(288) 776-6449
100,Replitz Gines Inc,Courtney Burnett,(409) 969-448
101,Zestybus Numbr Corp,Dewayne Rocha,(826) 853-8121
102,Waratel Pebeadella Intl,Oscar Mora,(862) 551-8408
103,Singlewave Zoono Ent,Angie Pruitt,(561) 951-9645
104,Geosyog Atleution Corp,Alta Velasquez,(509) 227-1942
105,Sertave Icoosphom  ,Malinda Griffith,(661) 332-2572
106,Losenoid Gines LLC,Arlie Myers,(628) 416-4763
107,Replitz Amomistin Ent,Janna Espinoza,(241) 481-5245
108,Noodile Uttatio Inc,Gracie Keller,(707) 255-761
109,Losenoid Scepre Corp,Colton Frey,(723) 384-7615
110,Plakill Shukablet LLC,Wade Baldwin,(523) 935-1609
111,Jobox Zapist Assoc,Anna Jones,(208) 285-6840
112,Astauand Rebultule Corp,Kaitlin Christensen,(862) 273-4323
113,Fuffap Engea Group,Son Cruz,(471) 274-4809
114,Jobox Eudor Inc,Petra Stafford,(825) 322-5630
115,Kaloolon Uttatio  ,Heath Donovan,(839) 535-4608
116,Singlewave Ringi Co,Weldon Waller,(682) 276-7584
117,Pounit Reera Co,Wendi Ho,(401) 458-6486
118,Slabdrill Gabulsita Corp,Dena Randolph,(334) 212-6797
119,Replitz Diwaneu Corp,Felecia Donovan,(979) 393-7955
120,Loodon Uttatio Corp,Lauri Carter,(604) 229-9332
121,Moderock Eudor Inc,Serena Hubbard,(552) 596-489
122,Kaloolon Zidatoma Corp,Freida Franco,(266) 866-575
123,Bioyino Orriga Corp,Elena Ingram,(552) 636-780
124,Lazap Hagenun Corp,Angela Ponce,(656) 474-5671
125,Loopnova Alventy Intl,Marla Bass,(961) 291-6861
126,Plakill Cabormande Inc,Norbert Franco,(627) 599-2300
127,Plakill Micallieco Inc,Debra Keller,(808) 751-9881
128,Roplixoo Glutali Co,Elvia Rubio,(561) 448-8984
129,Pounit Rhyotonrea Group,Concepcion Padilla,(959) 460-5363
130,Firehorse Alventy Inc,Jeffry Sparks,(505) 796-6681
131,Skizze Arsteotsa Corp,May Ingram,(728) 477-6929
132,Geosyog Dupendface Inc,Dirk Coffey,(246) 684-7808
133,Claster Murialt  ,Moshe Horton,(838) 495-3577
134,Mizuxe Jeweerapp LLC,Oswaldo Fletcher,(376) 766-4548
135,Skizze Ofambo LLC,Lillie Callahan,(601) 768-8203
136,Pepelexa Poiti LLC,Kieth Mcmahon,(687) 978-275
137,Jobox Occurr Ent,Columbus Mata,(763) 636-2292
138,Claster Preuderme LLC,Willy Dodson,(288) 926-7554
139,Pepelexa Jejecil LLC,Maryann Frey,(368) 772-9600
140,Tuttadit Sualicari Group,Toni Sparks,(841) 890-779
141,Loodon Rebultule Group,Garland Potter,(568) 740-8592
142,Mafoblitz Zidatoma Corp,Rolf Fleming,(862) 821-287
143,Printure Ofambo  ,Mack Hays,(479) 559-6684
144,Skizze Cystor Inc,Mack Shah,(252) 515-2714
145,Fuffap Batib Inc,Earnestine Burnett,(878) 958-4656
146,Loopnova Myxiv Inc,Trudy Gilbert,(707) 255-761
147,Pegmode Ringi Group,Lincoln Espinoza,(364) 249-544
148,Losenoid Tapingle Corp,Ellis Walter,(421) 976-9490
149,Sepezz Alventy Corp,Graig Sharp,(916) 465-2382
150,Singlewave Nopho Intl,Virgil Boyer,(931) 696-2536
151,Mizuxe Yuples Inc,Josefa Delgado,(319) 737-1771
152,Reebus Pebeadella Inc,Gabrielle Roberson,(267) 220-5455
153,Pirend Goitlen LLC,Mari Galloway,(802) 683-7217
154,Mizule Unroma Co,Stephan Horne,(653) 738-201
155,Uliratha Numbr Co,Serena Haley,(589) 679-7162
156,Aloidia Rhyotonrea Corp,Trudy Rubio,(789) 457-1900
157,Bioyino Ofambo Ent,Francis Prince,(202) 795-5502
158,Moderock Fedacr  ,Lemuel Wilkerson,(954) 950-486
159,Rowlow Thuraginif Intl,Ellis Mcintyre,(627) 440-5185
160,Tribop Iniven LLC,Concepcion Clay,(789) 682-9854
161,Pepelexa Knesc LLC,Antonio Schmidt,(264) 713-5512
162,Mizule Ubiteadra Ent,Dora Marquez,(882) 293-5316
163,Mizuxe Icoosphom Assoc,Bruce Hubbard,(277) 654-502
164,Yammoe Obcalene Group,Deanna Espinoza,(815) 996-6629
165,Replitz Preuderme  ,Refugio Mcclure,(805) 768-4900
166,Uliratha Preuderme Group,Freida Romero,(509) 599-5211
167,Firehorse Rhyotonrea Corp,Loyd Gregory,(952) 852-8849
168,Mizuxe Glermansur Corp,Earnestine Boyle,(657) 819-8882
169,Uliratha Omnesso Ent,Dena Garrison,(502) 535-9727
170,Loodon Yuples Inc,Lillie Nicholson,(325) 872-6928
171,Aloidia Gastrin Assoc,Edgardo Deleon,(742) 524-6266
172,Pounit Gastrin LLC,Kristopher Schroeder,(466) 221-2725
173,Loheckle Hawardlist Corp,Kieth David,(774) 285-6465
174,Pegmode Goitlen Inc,Bobbie Bass,(823) 296-2668
175,Drearien Murialt LLC,Gracie Delgado,(256) 274-6917
176,Losenoid Gipterject Inc,Milford Holder,(483) 561-9987
177,Aloidia Iness LLC,Adrian Nash,(979) 953-808
178,Fuffap Vadickboxi Inc,Tamra Donovan,(456) 621-9875
179,Zestybus Murialt Inc,Stephan Fritz,(449) 953-2976
180,Creabird Reshiporo Group,Freida Blair,(284) 849-5224
181,Pirend Cakip Corp,Odessa Francis,(489) 928-8754
182,Sertave Phterm Co,Donn Griffith,(926) 610-9905
183,Roplixoo Scepre Corp,Susana Arnold,(589) 588-3285
184,Skizze Iniven  ,Alta Pratt,(989) 393-6688
185,Loodon Cystor Inc,Amado Henderson,(849) 678-6151
186,Dizoolexa Jehica Group,Susana Booker,(715) 573-4722
187,Skizze Sesit Inc,Colton Delgado,(755) 663-2696
188,Creabird Tygorac Intl,Melody Francis,(232) 271-9238
189,Waratel Fedacr Inc,Andy Romero,(248) 747-4975
190,Rowlow Glutali Group,Claire Schroeder,(348) 459-9360
191,Losenoid Kowbedarcu Intl,Sharon Gregory,(787) 938-4253
192,Drearien Sminde LLC,Gracie Rhodes,(726) 647-3364
193,Ferirama Unroma Assoc,Saul Allen,(964) 935-8650
194,Mafoblitz Syliar Corp,Charlene Horne,(574) 494-4144
195,Ferirama Piberiarri Ent,Eric Li,(806) 516-150
196,Slabdrill Ostres LLC,Lyle Frank,(559) 396-2884
197,Plakill Tsagetelli Inc,Francis Cline,(205) 841-3660
198,Mizule Ouste Ent,Fermin Rhodes,(984) 843-4777
199,Skizze Ubinid Inc,Jude Rhodes,(258) 695-292
200,Loheckle Erodlegium Co,Freida Blair,(563) 853-7463
201,Kaloolon Walatioce Corp,Reuben Sexton,(311) 491-9918
202,Singlewave Esequalabl Inc,Elvia Burnett,(718) 889-6559
203,Ferirama Fevento LLC,Emmitt Ingram,(849) 298-6161
204,Geosyog Drumeno LLC,Son Haley,(543) 820-4844
205,Norrisology Ringi Inc,Gail Andrews,(641) 357-2688
206,Plakill Scepre Group,Corinne Gross,(811) 823-2259
207,Roplixoo Kaseableco  ,Francis Galloway,(857) 331-1482
208,Ybuwyn Courwomin Inc,Leonard Horton,(931) 696-2536
209,Claster Gastrin Intl,Lucio Garrison,(417) 580-3845
210,Pirend Ticat Intl,Dorian Wu,(879) 387-2879
211,Replitz Fedacr Corp,Francisco Reeves,(881) 944-2654
212,Moderock Tymnotenic Corp,Lemuel Weiss,(764) 658-5944
213,Kaloolon Jejecil Corp,Heath Mclean,(536) 543-6109
214,Drearien Cystor LLC,Hugo Compton,(618) 824-2930
215,Aloidia Nudspo Inc,Miquel Calhoun,(714) 559-1926
216,Loheckle Jodero Assoc,Serena Hines,(557) 685-2777
217,Ferirama Gines LLC,Jonas Mcmahon,(623) 589-1666
218,Bioyino Lutridia LLC,Refugio Austin,(881) 539-1742
219,Tuttadit Yuples Inc,Nettie Donovan,(381) 752-8132
220,Skizze Fedacr LLC,Jed Mcmahon,(679) 733-9157
221,Lazap Sesit Corp,Elvia Arnold,(459) 821-8303
222,Roplixoo Ancenterma Ent,Rogelio Valentine,(601) 342-3854
223,Moderock Pebeadella Inc,Janna Stephenson,(209) 428-3811
224,Bioyino Lasitar Intl,Lucio Cline,(403) 883-6738
225,Sepezz Ziresse Corp,Dominic Hansen,(274) 914-2611
226,Kaloolon Rebultule Ent,Cameron Holder,(626) 299-9288
227,Waratel Engea Inc,Loyd Rivers,(629) 377-2931
228,Pepelexa Ambolo Co,Francisco Stuart,(507) 240-317
229,Pepelexa Hyperki Intl,Sheldon Rivas,(501) 497-8430
230,Norrisology Thuraginif Inc,Nelda Le,(873) 849-4295
231,Slabdrill Thuraginif Corp,Dorsey Armstrong,(949) 371-6885
232,Replitz Gastrin Inc,Antonio Hines,(326) 844-1219
233,Sertave Agnosill LLC,Arlie Griffith,(755) 596-9874
234,Roplixoo Fevento Inc,Odessa Rowland,(284) 513-895
235,Fuffap Ubiteadra LLC,Dorian Foley,(373) 531-3873
236,Firehorse Bailik Inc,Giuseppe Coffey,(863) 535-1632
237,Plakill Pebeadella Corp,Janna Blair,(757) 682-7433
238,Aloidia Arsteotsa Group,Refugio Johnson,(823) 644-2893
239,Uliratha Spyrie Inc,Graig Haley,(675) 878-8977
240,Uliratha Etnessinco Intl,Lelia Cantu,(974) 757-7717
241,Pounit Rhertister Ent,Amado Jones,(421) 530-5764
242,Plakill Kaseableco LLC,Claire Barrett,(644) 935-8864
243,Uliratha Lasitar LLC,Petra Waller,(385) 583-9201
244,Lazap Fedacr Corp,Fern Rubio,(738) 730-1185
245,Lazap Asquityali Inc,Gracie Fletcher,(684) 887-2853
246,Selatoo Oartinge Ent,Corinne Garrison,(523) 298-1800
247,Sertave Chuga Corp,Marcos Booker,(839) 738-2706
248,Claster Airtin LLC,Maude Callahan,(375) 824-4746
249,Ybuwyn Unroma Group,Kristopher Ho,(475) 790-7485
250,Jobox Gipterject Ent,Garland Fuller,(832) 884-7857
251,Selatoo Phterm Corp,Clarence Velasquez,(361) 760-2645
252,Geosyog Escencov LLC,Lillie Romero,(589) 216-1102
253,Moderock Gallik Inc,Donn Nash,(374) 825-1174
254,Ferirama Piberiarri Ent,Darius Sparks,(788) 736-5725
255,Xanpod Shukablet Corp,Weldon Levy,(974) 658-9902
256,Ferirama Iniven Co,Dianna Lopez,(905) 379-1968
257,Norrisology Knesc Group,Barbara Wilkerson,(613) 559-2979
258,Uliratha Iniven Assoc,Toni Johnson,(402) 718-1538
259,Sepezz Hyperki Corp,Kristy Vega,(838) 554-2717
260,Loopnova Lines Corp,Errol Frank,(773) 769-3565
261,Kaloolon Rubarlo Group,Alta Christensen,(405) 447-2562
262,Zestybus Oartinge LLC,Sheldon Rivas,(511) 948-3781
263,Ybuwyn Cabormande Group,Earnestine Mcdowell,(703) 226-7232
264,Noodile Junceni Corp,Norbert Gomez,(317) 978-8120
265,Loheckle Cystor Inc,Emmitt Velasquez,(642) 932-6707
266,Sertave Gines Corp,Columbus Haley,(929) 241-3589
267,Firehorse Spyrie  ,Marquis Clay,(577) 739-1745
268,Reebus Adylliack Inc,Kieth Hays,(248) 391-2427
269,Rowlow Iniven Corp,Debora Shah,(266) 342-3622
270,Slabdrill Fluctioune LLC,Angelina Welch,(431) 629-8637
271,Plakill Scepre Group,Allan Galloway,(872) 351-8824
272,Dropellet Ziresse Assoc,Oscar Cohen,(468) 445-6469
273,Norrisology Cakip Co,Darius Carney,(913) 825-5984
274,Jobox Sluspo Corp,Adrienne Bass,(854) 281-8199
275,Pegmode Fevento Inc,Lyle Bass,(264) 799-7673
276,Tuttadit Neastr Inc,Dolores David,(382) 723-1859
277,Uliratha Pebeadella Corp,Jocelyn Franco,(227) 717-3683
278,Singlewave Syliar Inc,Ezekiel Perez,(885) 596-3982
279,Yammoe Glutali LLC,Daniel Donovan,(528) 434-6930
280,Drearien Knesc Ent,Jonas Todd,(509) 626-8239
281,Noodile Ubinid Inc,Yvette Ingram,(904) 328-5950
282,Astauand Gastrin LLC,Emmitt Russell,(762) 936-4992
283,Rowlow Esequalabl Inc,Columbus Dyer,(512) 898-7120
284,Plakill Occurr Corp,Miquel Griffith,(473) 755-7577
285,Drearien Cystor LLC,Petra Dodson,(957) 858-411
286,Noodile Gabulsita Corp,Titus Mcmahon,(855) 554-4633
287,Jobox Omnesso Corp,Donovan Fuller,(754) 332-3851
288,Xanpod Ubiteadra LLC,Gail Sexton,(277) 393-9240
289,Drearien Bailik Intl,Shane Schroeder,(807) 899-5126
290,Mafoblitz Ofambo Corp,Ira Kelley,(277) 675-3791
291,Fuffap Kadne Corp,Andy Romero,(822) 387-1845
292,Roplixoo Thuraginif Inc,Asa Nicholson,(563) 247-271
293,Creabird Domov LLC,Rolf Ewing,(588) 534-7422
294,Zestybus Baunca Assoc,Arlie Young,(769) 589-2561
295,Printure Ofambo  ,Kristy Shields,(218) 658-7227
296,Mizule Occurr Group,Christopher Bean,(861) 275-9609
297,Moderock Eskaresi Co,Gus Booker,(221) 495-9649
298,Yammoe Wootyper Corp,Cletus Golden,(605) 440-3815
299,Losenoid Zidatoma Corp,Hugo Nicholson,(356) 549-7257
300,Mafoblitz Zidatoma Corp,Andreas Perez,(976) 263-5815
301,Rowlow Walatioce Assoc,Stephan Hurley,(772) 630-4987
302,Firehorse Uncitic Corp,Marcelino Fuller,(724) 536-6563
303,Creabird Agnosill Corp,Mack Rowe,(551) 937-7591
304,Xanpod Etnessinco Intl,Paul Prince,(681) 824-2827
305,Slabdrill Soverm Corp,Freida Russell,(225) 479-6834
306,Sertave Rical Co,Kaitlin Jensen,(643) 971-9719
307,Mizuxe Gastrin Ent,Petra Whitney,(954) 338-2434
308,Dizoolexa Ofambo Corp,Maryann Deleon,(784) 911-3226
309,Fuffap Jehica Inc,Oswaldo Keller,(417) 735-4314
310,Astauand Piberiarri LLC,Maude Vega,(839) 485-5946
311,Ybuwyn Djecali Assoc,Ilene Le,(825) 681-2478
312,Xanpod Hagenun Intl,Leonard Schmidt,(986) 876-7633
313,Tuttadit Mimin LLC,Brenton Li,(363) 369-5550
314,Mafoblitz Rhertister LLC,Dorsey Coffey,(635) 975-8556
315,Loheckle Reera Assoc,Oscar Jordan,(372) 784-3116
316,Waratel Unroma Inc,Clarence Rhodes,(242) 416-237
317,Sertave Knesc Intl,Sara Todd,(276) 331-2908
318,Noodile Hucalw Ent,Mari Parsons,(211) 518-5397
319,Slabdrill Ostres LLC,Adrienne Wilkerson,(934) 265-2398
320,Fuffap Nammentine Corp,Garland Weeks,(402) 761-8627
321,Yammoe Jeweerapp Inc,Willy Hubbard,(417) 782-6779
322,Drearien Eudsp Co,Bettie Kirby,(721) 939-5464
323,Loodon Ustotor LLC,Stephan Fleming,(388) 430-222
324,Tribop Evolodysta Corp,Vickie Boyer,(628) 822-5167
325,Ferirama Syliar Group,Stephan Todd,(535) 430-2783
326,Jobox Ticat LLC,Rosa Parsons,(922) 513-1611
327,Lazap Roquitrub Inc,Leonard Mcmillan,(552) 321-6519
328,Slabdrill Hagenun Group,Eugenio Hansen,(542) 476-1659
329,Firehorse Zapist Assoc,Clarence Randolph,(667) 340-9966
330,Uliratha Incep Inc,Elvia Christensen,(634) 228-5221
331,Mafoblitz Roquitrub Intl,Earnestine Roberson,(351) 832-1684
332,Aloidia Fedacr LLC,Jed Terry,(251) 377-2887
333,Selatoo Reshiporo Assoc,Reba West,(471) 577-5325
334,Singlewave Airtin Assoc,Wm Pratt,(631) 365-8550
335,Noodile Nammentine Co,Kristopher Dodson,(737) 965-1160
336,Norrisology Omnesso LLC,Adrienne Sparks,(684) 835-8126
337,Ferirama Rhertister Group,Arden Holder,(863) 582-4422
338,Skizze Alventy  ,Mitzi Mcmillan,(311) 870-2988
339,Plakill Outeas LLC,Weldon Waller,(365) 878-8133
340,Ybuwyn Zapist Assoc,Savannah Callahan,(718) 889-6559
341,Fuffap Zednencle Assoc,Bettye Hanson,(849) 850-8220
342,Selatoo Amomistin Inc,Gabrielle West,(434) 986-6612
343,Claster Scepre LLC,Wade Rocha,(348) 517-8591
344,Plakill Smoutencri Assoc,Gus Rivas,(271) 792-4855
345,Pounit Asquityali LLC,Concepcion Whitney,(546) 618-1494
346,Pirend Iness Corp,Edgardo Rubio,(429) 487-3835
347,Geosyog Yuperatio Corp,Shane Stark,(419) 291-678
348,Pepelexa Kaseableco Inc,Judson Mcintyre,(436) 552-1889
349,Tuttadit Fignatini LLC,Anna Mclean,(823) 392-981
350,Dizoolexa Gallik Assoc,Maude Hines,(534) 347-9278
351,Replitz Airtin Assoc,Graig Sharp,(824) 998-9564
352,Mizule Kaseableco Corp,Hugo Andrews,(843) 695-1668
353,Pepelexa Vatorgingr Corp,Lauri Gomez,(686) 470-7488
354,Ybuwyn Micallieco Co,Refugio Walter,(545) 781-9455
355,Norrisology Baunca Group,Eric Hanson,(354) 956-9327
356,Xanpod Alventy Assoc,Asa Koch,(448) 689-2419
357,Moderock Lodynt Ent,Angelia Gregory,(872) 314-5335
358,Jobox Soverm LLC,Wendi Hays,(662) 554-8116
359,Creabird Knesc  ,Susana Booker,(773) 992-8785
360,Zestybus Eologi LLC,Dianna Bean,(808) 375-8898
361,Xanpod Soverm Co,Mitzi Bean,(267) 960-3420
362,Zestybus Miress Inc,Angelia Case,(806) 971-1667
363,Firehorse Omnitinal Inc,Sheldon Weeks,(962) 651-940
364,Dropellet Miress  ,Antonio Bond,(823) 474-808
365,Moderock Outeas Group,Jospeh Velasquez,(242) 542-5376
366,Pirend Orriga Inc,Dwight Rocha,(445) 610-7544
367,Creabird Rhyotonrea Corp,Gus Haley,(624) 625-6122
368,Losenoid Diwaneu Corp,Amado Hood,(536) 417-5169
369,Aloidia Nammentine Corp,Marquis Horton,(441) 279-9786
370,Skizze Nasalf Inc,Christopher Perez,(354) 286-8234
371,Mizule Glermansur Intl,Gladys Ponce,(926) 328-964
372,Norrisology Piberiarri Inc,Gail Jensen,(572) 824-6291
373,Bioyino Oviveolo Co,Cameron Holder,(744) 886-3913
374,Selatoo Cystor LLC,Amado Bowman,(747) 743-8348
375,Mizule Lasitar LLC,Lillie Keller,(489) 461-9640
376,Loopnova Gines Inc,Yvette Kirby,(601) 646-9847
377,Replitz Bhaphi Assoc,Bettie Calhoun,(907) 771-7182
378,Aloidia Djecali Corp,Christopher Whitney,(209) 778-6637
379,Roplixoo Micallieco Co,Bobbie Hansen,(968) 273-1689
380,Sertave Rubarlo Co,Garret Delacruz,(921) 591-441
381,Firehorse Enven Corp,Vickie Leach,(989) 356-4144
382,Dropellet Kadne Assoc,Angela Frank,(872) 782-6909
383,Aloidia Jejecil Assoc,Ellis Chan,(966) 385-953
384,Selatoo Fedacr LLC,Felecia Nicholson,(474) 262-5654
385,Aloidia Iness LLC,Virgil Kline,(671) 545-7620
386,Printure Hagenun Corp,Eugene Bond,(329) 722-9191
387,Sepezz Sesit Inc,Ester Henry,(313) 293-3183
388,Zestybus Adylliack Ent,Britt Wilkerson,(666) 464-8336
389,Singlewave Scepre Inc,Dianna Barry,(602) 828-9757
390,Zestybus Tygorac Inc,Sue Obrien,(473) 659-6673
391,Loopnova Shukablet Inc,Mitzi Perez,(861) 275-9609
392,Ferirama Sluspo Inc,Concepcion Randolph,(765) 412-1322
393,Selatoo Miress Group,Marcelino Edwards,(733) 347-1974
394,Zestybus Chuga Assoc,Brendon Cervantes,(534) 347-9278
395,Losenoid Eudor Group,Parker Walter,(352) 472-7521
396,Losenoid Soverm LLC,Tamra Donovan,(334) 637-7784
397,Creabird Incep Ent,Kevin Francis,(352) 455-390
398,Yammoe Scepre Intl,Paul Prince,(636) 648-4512
399,Waratel Djecali Group,Gracie Gilbert,(647) 417-3176
400,Pounit Gipterject Ent,Yvette Mora,(568) 268-2417
401,Norrisology Unroma Inc,Angelina Mills,(371) 970-8782
402,Selatoo Pumboarthe LLC,Trudy Myers,(868) 679-2797
403,Geosyog Yuperatio Corp,Rolf Lopez,(966) 450-6356
404,Replitz Nasalf Intl,Petra Sanchez,(534) 339-4692
405,Singlewave Esequalabl Inc,Kristopher Rhodes,(958) 323-9734
406,Tuttadit Myxiv  ,Janna Perez,(482) 880-2435
407,Firehorse Shukablet Intl,Cedrick Booker,(618) 449-4845
408,Printure Unroma Ent,Keith Waller,(585) 994-8194
409,Reebus Wootyper Corp,Dirk Crosby,(873) 238-6564
410,Mizule Yuperatio Co,Asa Vega,(629) 572-2863
411,Sepezz Eudor Intl,Meghan Davidson,(223) 629-6659
412,Yammoe Shukablet  ,Donovan Potter,(934) 630-4505
413,Pepelexa Micallieco Inc,Bettye Miranda,(202) 497-3502
414,Mafoblitz Gabulsita Corp,Errol Dawson,(354) 956-9327
415,Loopnova Glutali Corp,Arlie Deleon,(259) 538-8744
416,Claster Uncitic LLC,Arlie Dyer,(228) 229-2171
417,Sertave Rhyotonrea Corp,Joe Ponce,(888) 374-3533
418,Printure Gipterject Co,Jospeh Kramer,(857) 331-1482
419,Loheckle Occurr Assoc,Oswaldo Shah,(435) 495-3719
420,Ybuwyn Hucalw Group,Kristopher Prince,(827) 818-7359
421,Losenoid Feyseneum Inc,Cody Whitney,(287) 582-8457
422,Jobox Rubarlo Ent,Lelia Mcmahon,(333) 282-3390
423,Mafoblitz Oviveolo Inc,Jude Andrews,(872) 713-2895
424,Waratel Hagenun Corp,Marla Johnson,(448) 826-3246
425,Replitz Ofambo  ,Odessa Delgado,(878) 668-2747
426,Sepezz Myxiv Inc,Andy Baldwin,(571) 925-3399
427,Mizule Asquityali Corp,Vickie Marquez,(625) 538-1549
428,Waratel Glermansur Ent,Claire Andrews,(502) 687-8442
429,Tuttadit Rubarlo Assoc,Edgardo Mcguire,(302) 973-7907
430,Tribop Gabulsita Corp,Sheldon Mclean,(961) 659-1143
431,Pirend Pumboarthe Ent,Claire Whitehead,(757) 277-3270
432,Mizuxe Gabulsita Inc,Moses Delgado,(985) 387-3294
433,Singlewave Domov Co,Christopher Mcclure,(484) 677-9109
434,Pounit Hawardlist Co,Refugio Donovan,(528) 292-1754
435,Rowlow Bhaphi Corp,Miquel Gilbert,(444) 382-8526
436,Jobox Ioditemote Intl,Jospeh Hudson,(277) 389-1725
437,Jobox Icoosphom Co,Fern Love,(224) 745-6806
438,Moderock Gines Corp,Elena Love,(211) 765-6131
439,Pounit Fluctioune  ,Roxanne Todd,(427) 467-3185
440,Yammoe Icoosphom Corp,Willian Rowland,(316) 554-4513
441,Jobox Wootyper Corp,Dino Nicholson,(409) 591-208
442,Sertave Nudspo Inc,Bruce Middleton,(869) 226-6838
443,Slabdrill Myxiv  ,Lauri Whitehead,(787) 938-4253
444,Firehorse Rubarlo Inc,Rosa Bowman,(812) 626-6114
445,Drearien Cakip  ,Fern Allen,(972) 610-2619
446,Mafoblitz Preuderme Co,Roosevelt Boyer,(812) 473-4505
447,Tribop Bailik LLC,Stewart Hansen,(832) 655-9729
448,Drearien Obcalene Inc,Ezekiel Reeves,(971) 731-1861
449,Kaloolon Tapingle Corp,Angela Lopez,(423) 833-989
450,Pounit Icoosphom LLC,Reuben Cline,(787) 853-5546
451,Dropellet Lutridia Corp,Adrienne Mata,(227) 769-7594
452,Ferirama Fluctioune LLC,Donn Vargas,(738) 946-338
453,Sertave Sminde Co,Judson Mcintyre,(637) 212-5999
454,Pirend Wootyper Inc,Fern Allen,(786) 597-2436
455,Sepezz Escencov Ent,Stewart Harrison,(687) 363-2700
456,Mizuxe Diwaneu Assoc,Jospeh Velasquez,(626) 299-9288
457,Plakill Preuderme Ent,Bettie Roth,(619) 380-4524
458,Roplixoo Hientu Co,Hugo Garrison,(341) 584-4727
459,Pirend Cystor Corp,Jospeh Horton,(268) 584-2622
460,Ferirama Ephro Intl,Wm Mcguire,(969) 788-5970
461,Kaloolon Jehica Inc,Clarence Griffith,(768) 795-8845
462,Printure Jehica LLC,Rogelio Wells,(985) 811-117
463,Sepezz Miress Corp,Corinne Gross,(534) 290-2344
464,Pepelexa Batib Inc,Moses Mcdowell,(445) 637-6269
465,Pounit Phterm LLC,Barbara Wilkerson,(262) 751-1996
466,Mafoblitz Cakip Assoc,Graig Young,(632) 397-7446
467,Moderock Roquitrub Inc,Donn Mullen,(225) 692-1754
468,Losenoid Tymnotenic Corp,Reba Padilla,(381) 549-6703
469,Printure Scepre Corp,Tyson Clay,(513) 563-4591
470,Geosyog Glermansur  ,Gabrielle Keller,(283) 225-4969
471,Tribop Orriga LLC,Wade Mora,(402) 588-2949
472,Tuttadit Fevento Corp,Jocelyn Delgado,(567) 533-2166
473,Fuffap Zapist Intl,Reba Sparks,(846) 768-803
474,Printure Feyseneum Inc,Clarence Warren,(318) 672-6322
475,Pepelexa Adsperecau Intl,Mitzi Gomez,(617) 594-3808
476,Moderock Yuples Corp,Weldon Mata,(581) 390-7763
477,Yammoe Sluspo Corp,Courtney Cline,(878) 750-1867
478,Jobox Ticat LLC,Sue Russell,(872) 696-4150
479,Drearien Ancenterma Inc,Ada Randolph,(329) 798-8230
480,Pepelexa Bailik LLC,Sara Wilkerson,(562) 817-6181
481,Loopnova Zoono Corp,Wm Callahan,(809) 528-4456
482,Drearien Lasitar LLC,Susana Pruitt,(387) 237-6737
483,Mizule Glutali Assoc,Yvette Kline,(406) 516-8295
484,Norrisology Diwaneu LLC,Sara Reeves,(788) 982-6371
485,Replitz Junceni Co,Gus Armstrong,(322) 829-8621
486,Jobox Nammentine Corp,Kaitlin Frank,(731) 842-7249
487,Slabdrill Vavena Corp,Marcelino Cohen,(526) 686-411
488,Loodon Rhyotonrea Group,Moshe Stark,(821) 692-1609
489,Roplixoo Atleution Corp,Ezekiel Calhoun,(362) 324-6261
490,Slabdrill Escencov  ,Bettie Hubbard,(731) 520-6906
491,Norrisology Sesit LLC,Bobbie Hines,(812) 536-3461
492,Pegmode Omnitinal Inc,Bruce Hubbard,(388) 684-3432
493,Skizze Diwaneu  ,Dirk Woodard,(303) 914-216
494,Loodon Lines  ,Kaitlin Jensen,(861) 275-9609
495,Reebus Eurem Group,Emmitt Matthews,(937) 713-1542
496,Plakill Kadne Ent,Angie Golden,(455) 429-1470
497,Geosyog Spyrie  ,Stewart Dyer,(265) 740-6793
498,Replitz Shukablet Inc,Clare Love,(231) 441-2733
499,Replitz Myxiv Corp,Judson Mcintyre,(958) 660-1610
500,Noodile Wootyper Inc,Lincoln Shah,(624) 625-6122
501,Loodon Rical  ,Lucas Miranda,(566) 896-2847
502,Claster Feyseneum Ent,Gracie Prince,(519) 968-8378
503,Pirend Neastr LLC,Wm Foley,(757) 440-5357
504,Tuttadit Jejecil Ent,Claire Anderson,(203) 316-595
505,Bioyino Cakip LLC,Moshe Matthews,(675) 286-8495
506,Jobox Zidatoma Co,Refugio Moreno,(571) 925-3399
507,Fuffap Neastr Co,Keith Hensley,(332) 258-1382
508,Creabird Hyperki LLC,Malinda Prince,(323) 938-7226
509,Tuttadit Uttatio  ,Dora Palmer,(867) 711-7805
510,Sertave Incep Corp,Eugene Young,(389) 759-2147
511,Geosyog Scepre Intl,Moshe Wu,(506) 489-9487
512,Loopnova Vavena LLC,Odessa Henry,(965) 869-6714
513,Tribop Nammentine Group,Clare Whitehead,(486) 273-3819
514,Geosyog Omnitinal Group,Rolf Hubbard,(676) 882-1850
515,Uliratha Thuraginif Inc,Bobbie Waller,(972) 412-3548
516,Aloidia Oviveolo Intl,Oscar Reeves,(671) 424-6211
517,Mizuxe Ioditemote Inc,Lillie Lucas,(976) 834-3577
518,Firehorse Spyrie  ,Miquel Donaldson,(345) 621-5651
519,Tribop Bhaphi Intl,Elvia Peck,(775) 780-528
520,Xanpod Esequalabl Corp,Susana Baldwin,(765) 767-3823
521,Dropellet Airtin Assoc,Leonard Horton,(344) 512-9709
522,Skizze Myxiv Co,Earnestine Parsons,(416) 992-6999
523,Bioyino Jodero Assoc,Darwin Ingram,(256) 757-420
524,Replitz Ancenterma Assoc,Maryann Roberson,(789) 682-9854
525,Creabird Eurem Intl,Eugenio Roberson,(208) 240-3668
526,Pirend Jejecil Inc,Colton Silva,#N/A
527,Ybuwyn Jeweerapp LLC,Mitzi Barrett,(847) 866-5823
528,Printure Ouste Corp,Andy Waller,(359) 874-8101
529,Noodile Shukablet LLC,Jonas Barrett,(409) 372-3301
530,Rowlow Iniven Corp,Mariano Weeks,(452) 540-9332
531,Slabdrill Glermansur Inc,Christopher Boyle,(386) 831-5414
532,Mizule Gipterject Group,Odessa Obrien,(261) 621-6147
533,Firehorse Roquitrub Inc,Malinda Sanchez,(571) 775-2187
534,Pepelexa Hientu Corp,Amado Stephenson,(389) 524-4729
535,Kaloolon Pebeadella Corp,Cameron Romero,(561) 344-7796
536,Selatoo Scepre Group,Bobbie Young,(705) 545-4412
537,Fuffap Micallieco Corp,Elena Stark,(649) 928-7920
538,Uliratha Iniven Assoc,Weldon Mata,(824) 449-9654
539,Plakill Oviveolo Ent,Reuben Allen,(714) 844-302
540,Skizze Ioditemote Co,Mitzi Bowen,(611) 487-684
541,Pegmode Eologi Co,Adrienne Wu,(454) 478-8133
542,Replitz Agnosill LLC,Maude Vega,(577) 313-6261
543,Kaloolon Rhertister Group,Ilene Keller,(421) 243-5773
544,Yammoe Unroma Inc,Wade Vega,(816) 762-990
545,Geosyog Smoutencri Corp,Adele Cantu,(277) 675-3791
546,Mafoblitz Eologi Assoc,Oscar Montgomery,(884) 395-7151
547,Pirend Glutali Inc,Trudy Henderson,(719) 472-2990
548,Tribop Rhertister Intl,Dora Dyer,(579) 994-2285
549,Sertave Tymnotenic Corp,Petra Waller,(514) 325-4193
550,Xanpod Orriga Co,Willian Espinoza,(489) 666-1186
551,Selatoo Drumeno Inc,Bettye Cervantes,(716) 537-3276
552,Loheckle Tapingle Corp,Demetrius Gomez,(777) 921-3716
553,Jobox Tymnotenic Inc,Emmitt Calhoun,(372) 427-5945
554,Mafoblitz Neperfula Intl,Earnestine Mullen,(402) 321-7563
555,Ybuwyn Ustotor Group,Wm Horne,(632) 688-1976
556,Waratel Pebeadella Intl,Norbert Vargas,(574) 861-1961
557,Xanpod Numbr  ,Courtney Wu,(977) 345-7509
558,Norrisology Asquityali Corp,Kristy Barrett,(763) 636-2292
559,Rowlow Soverm Inc,Eunice Booker,(277) 546-130
560,Selatoo Adylliack Corp,Oswaldo Stark,(982) 933-7368
561,Drearien Batib Assoc,Antone Allen,(479) 653-8657
562,Fuffap Gipterject Inc,Lauri Hensley,(965) 318-2325
563,Replitz Gabulsita Intl,Edgardo Golden,(359) 778-2768
564,Reebus Omnitinal Corp,Petra Waller,(935) 928-7557
565,Sertave Gallik Intl,Timmy Gross,(441) 577-1552
566,Lazap Cystor Group,Brendon Rowe,(804) 934-7420
567,Dizoolexa Gipterject LLC,Loyd Bowen,(867) 836-6980
568,Ybuwyn Orriga Group,Roxanne Frey,(217) 821-9610
569,Claster Fevento LLC,Ezequiel Ponce,(908) 423-1260
570,Noodile Tsagetelli Intl,Yvette Rivers,(932) 896-165
571,Skizze Rhertister Intl,Oscar Mcmillan,(688) 326-4744
572,Rowlow Kadne Intl,Meghan Franco,(836) 235-7513
573,Norrisology Adsperecau Inc,Janna Parsons,(606) 560-4754
574,Pounit Dupendface Corp,Eunice Lucas,(419) 559-4350
575,Ferirama Amomistin Corp,Wendi Welch,(522) 945-7723
576,Slabdrill Gines Corp,Mari Cobb,(647) 269-8389
577,Pounit Asquityali LLC,Darius Cabrera,(858) 973-7710
578,Dizoolexa Eskaresi LLC,Lincoln Donovan,(673) 713-9371
579,Jobox Hientu Corp,Deanna Fleming,(331) 752-8871
580,Plakill Myxiv Group,Demetrius Sanchez,(457) 482-4570
581,Bioyino Fignatini Ent,Lucio Francis,(367) 793-7520
582,Yammoe Smoutencri LLC,Brenton Chan,(779) 862-5378
583,Firehorse Hawardlist Inc,Jed Golden,(547) 274-7753
584,Geosyog Fevento Co,Alta Castro,(986) 987-6450
585,Sepezz Eudor Intl,Norbert Roberson,(572) 727-3207
586,Singlewave Preuderme Inc,Rolf Lopez,(654) 668-6223
587,Geosyog Neperfula Corp,Dora Rowe,(401) 843-3644
588,Yammoe Jehica Corp,Christopher Warren,(234) 495-3364
589,Losenoid Lines Co,Ada Stephenson,(502) 298-2174
590,Noodile Scepre Corp,Willian Austin,(861) 222-5292
591,Sertave Hientu Assoc,Eunice Fleming,(547) 969-2413
592,Printure Vadickboxi  ,Chi Frank,(462) 510-583
593,Uliratha Eudor Assoc,Amanda Henry,(904) 542-7422
594,Fuffap Gipterject Inc,Marla Rhodes,(482) 497-6877
595,Norrisology Nammentine Group,Andy Romero,(246) 334-2984
596,Norrisology Ziresse Assoc,Corinne Hensley,(676) 632-995
597,Uliratha Ziresse  ,Angelia Foley,(533) 993-9843
598,Dropellet Zidatoma Inc,Savannah Mcdowell,(333) 554-6253
599,Replitz Rical Corp,May Jones,(421) 269-6451
600,Firehorse Escencov LLC,Odessa Pratt,(473) 626-8287
601,Moderock Scepre LLC,Adrienne Levy,(268) 518-1973
602,Sepezz Knesc Intl,Dorian Randolph,(332) 998-4531
603,Bioyino Orriga Corp,Son Sexton,(356) 818-9833
604,Pirend Outeas Assoc,Charlene Franco,(738) 350-6806
605,Fuffap Sminde LLC,Freida Franco,(382) 497-3836
606,Mafoblitz Piberiarri Inc,Debora Moreno,(354) 212-9825
607,Fuffap Reera  ,Tyson Clay,(429) 666-5834
608,Sepezz Iness Inc,Sheldon Jensen,(504) 494-7768
609,Astauand Jejecil Corp,Marcos Mcmahon,(967) 842-418
610,Fuffap Engea Group,Lelia Fuller,(915) 826-174
611,Xanpod Hawardlist Assoc,Dianna Weiss,(425) 420-1285
612,Creabird Eskaresi  ,Dorsey Fleming,(575) 376-9496
613,Pounit Hucalw Corp,Titus Parsons,(368) 426-6485
614,Creabird Oartinge LLC,Virgil Deleon,(808) 320-7328
615,Geosyog Hawardlist Corp,Mari Miranda,(704) 748-1739
616,Sepezz Goitlen Corp,Kevin Gibson,(547) 939-4880
617,Plakill Baunca LLC,Errol Barry,(813) 246-6880
618,Plakill Gastrin Assoc,Hugo Perez,(374) 397-567
619,Roplixoo Eurem Inc,Clare Whitehead,(605) 586-1225
620,Singlewave Eurem Group,Reuben Cobb,(775) 870-1538
621,Lazap Iniven Assoc,Ilene Francis,(537) 831-6458
622,Zestybus Kowbedarcu Ent,Savannah Craig,(531) 617-150
623,Dropellet Bogitoenth LLC,Son Dyer,(512) 555-3820
624,Dropellet Diwaneu Inc,Nelda Barrett,(872) 370-4409
625,Loheckle Chuga Co,Josefa Golden,(509) 227-1942
626,Skizze Airtin LLC,Addie Welch,(954) 653-4994
627,Jobox Tygorac Inc,Stewart Perez,(832) 884-7857
628,Dizoolexa Lutridia LLC,Yvette Mora,(642) 824-6552
629,Dizoolexa Micallieco LLC,Chung Donovan,(808) 583-8465
630,Yammoe Adsperecau LLC,Eugene Levy,(459) 828-3974
631,Jobox Preuderme LLC,Edgardo Hensley,(329) 548-3963
632,Sertave Reera Inc,Marsha Gross,(985) 416-1791
633,Dropellet Lutridia Corp,Lucas Schroeder,(379) 234-8761
634,Replitz Erodlegium Corp,Reuben Schmidt,(384) 716-1571
635,Aloidia Pumboarthe Ent,Paul Callahan,(873) 679-2106
636,Reebus Ostres Corp,Dino Whitehead,(765) 444-5445
637,Pirend Hagenun Corp,Daniel Weiss,(214) 763-5906
638,Fuffap Sminde LLC,Stewart Ware,(315) 984-7921
639,Rowlow Micallieco Inc,Bruce Compton,(804) 934-7420
640,Ybuwyn Outeas Ent,Yvette Weiss,(268) 478-5790
641,Jobox Hucalw Corp,Lucas Miranda,(564) 987-9873
642,Dizoolexa Ofambo Corp,Arlie Bowen,(445) 859-7840
643,Noodile Omnesso Co,Jocelyn Hansen,(914) 998-2536
644,Skizze Sminde Corp,Willy Case,(313) 822-2141
645,Sertave Esequalabl Group,Mari Barrett,(724) 222-7435
646,Sertave Uncitic  ,Gabrielle Golden,(962) 779-6926
647,Tuttadit Chuga Co,Kristy Rowland,(401) 479-628
648,Pounit Sualicari LLC,Jospeh Todd,(253) 256-3736
649,Drearien Orriga  ,Graig Moreno,(753) 630-5134
650,Norrisology Tygorac Intl,Garret Wilkerson,(727) 564-1302
651,Mizuxe Fedacr Group,Roxanne Mclean,(716) 842-587
652,Pounit Sesit Ent,Jeffry Romero,(451) 635-8481
653,Sertave Ouste Group,Toni Padilla,(553) 729-5920
654,Mizuxe Esequalabl Intl,Leonard Bass,(844) 454-4489
655,Mizule Iniven Assoc,Petra Dodson,(457) 885-8388
656,Printure Agnosill LLC,Felecia Allen,(938) 229-2898
657,Aloidia Bailik Inc,Kevin Mullen,(631) 292-7392
658,Pegmode Lasitar LLC,Emmitt Nicholson,(976) 263-5815
659,Noodile Ticat Inc,Amanda Nash,(846) 822-2763
660,Bioyino Lines Assoc,Ezequiel Kramer,(572) 824-6291
661,Uliratha Mimin Corp,Darwin Boyer,(287) 270-1543
662,Zestybus Gastrin Ent,Serena Henry,(709) 967-3956
663,Sertave Roquitrub Inc,Meghan Rivas,(331) 768-4390
664,Singlewave Uttatio LLC,Maryann Huff,(351) 313-3563
665,Roplixoo Uttatio Corp,Denise Weiss,(323) 410-6674
666,Creabird Spyrie Intl,Trudy Arnold,(512) 739-7308
667,Loheckle Reera Assoc,Nelda Pruitt,(275) 644-315
668,Fuffap Tygorac Co,Angela Terry,(882) 293-5316
669,Singlewave Rhertister Inc,Fredric Donovan,(331) 693-9855
670,Mizuxe Cystor Group,Andy Franco,(845) 698-3143
671,Fuffap Eurem Group,Dwight Carter,(317) 546-1727
672,Tribop Eurem Intl,Lemuel Li,(569) 548-7135
673,Claster Rebultule Inc,Giuseppe Waller,(736) 687-312
674,Slabdrill Tapingle Ent,Fredric Carney,(615) 360-1185
675,Mizule Dupendface Inc,Arlie Welch,(365) 577-1714
676,Mizule Yuperatio Co,Lelia Rocha,(359) 365-7411
677,Pounit Cakip  ,Felecia Lara,(528) 460-1161
678,Firehorse Pompr Ent,Milagros Koch,(604) 212-6241
679,Aloidia Tapingle Inc,Adrienne Bass,(404) 212-5993
680,Kaloolon Enven Inc,Freida Mcdowell,(586) 385-7759
681,Dropellet Ambolo Corp,Angelina Deleon,(979) 250-3851
682,Replitz Kowbedarcu Inc,Cedrick Kramer,(655) 327-960
683,Ferirama Baunca Inc,Ester Shields,(765) 944-2476
684,Roplixoo Mimin Intl,Angela Wells,(602) 786-5670
685,Astauand Glermansur Assoc,Vickie Padilla,(577) 313-6261
686,Mizuxe Bhaphi Group,Gladys Case,(736) 687-312
687,Skizze Fedacr LLC,Earnestine Hines,(317) 744-2848
688,Tuttadit Goitlen Co,Clarence Wu,(579) 994-2285
689,Pepelexa Teoutt Assoc,Cameron Lucas,(736) 514-1249
690,Sepezz Omnesso Co,Trudy Ho,(515) 493-6606
691,Kaloolon Wootyper LLC,Jospeh Pratt,(327) 943-1457
692,Claster Orriga Co,Courtney Henry,(435) 848-444
693,Skizze Jodero Group,Giuseppe Crosby,(613) 879-7141
694,Xanpod Cabormande Corp,Odessa Vargas,(423) 833-989
695,Aloidia Ubinid Ent,Eric Rowland,(342) 325-7432
696,Moderock Chuga Intl,Malinda Schmidt,(703) 961-9359
697,Mizule Neperfula Intl,Lucio Horne,(513) 685-5410
698,Plakill Smoutencri Assoc,Kristopher Harrison,(577) 283-7778
699,Aloidia Fevento Group,Kieth Lucas,(345) 710-4208
700,Geosyog Fevento Co,Marcos Case,(324) 662-9367
701,Printure Pompr Corp,Addie Harrison,(927) 757-7233
702,Slabdrill Smoutencri Inc,Susana Vega,(501) 982-4389
703,Selatoo Eskaresi Corp,Wm Nicholson,(962) 932-2813
704,Kaloolon Rhyotonrea LLC,Garland Lara,(724) 884-5873
705,Plakill Soverm Corp,Earnestine Gregory,(843) 424-8713
706,Loopnova Teoutt Assoc,Sharon Clay,(573) 823-230
707,Ybuwyn Bogitoenth LLC,Angela Pruitt,(278) 971-718
708,Dropellet Morsti Ent,Wm Li,(256) 734-1875
709,Dropellet Zapist Intl,Ezekiel Henry,(349) 960-9426
710,Loheckle Oartinge Intl,Ezekiel Delacruz,(312) 774-9677
711,Singlewave Hawardlist Co,Lincoln Galloway,(409) 953-1655
712,Lazap Sualicari Corp,Dewayne Lopez,(748) 794-6331
713,Skizze Ouste Inc,Saul Horne,(755) 984-352
714,Sepezz Glutali Inc,Daniel Weiss,(809) 729-3586
715,Creabird Eskaresi  ,Lillie Nicholson,(288) 473-2145
716,Pounit Piberiarri Inc,Sara Deleon,(773) 559-2380
717,Losenoid Ofambo Co,Angelina Fritz,(573) 498-2677
718,Ferirama Dupendface  ,Lucas Deleon,(334) 898-7574
719,Loopnova Ticat Ent,Ilene Craig,(939) 696-8340
720,Waratel Unroma Inc,Gus Boyle,(617) 514-3840
721,Drearien Vatorgingr LLC,Elena Russell,(553) 525-7152
722,Loodon Oartinge  ,Willy Blair,(476) 837-5637
723,Pirend Preuderme LLC,Marcelino Barrett,(284) 965-3707
724,Loheckle Etnessinco Corp,Wade Peck,(858) 651-1861
725,Noodile Eudor Inc,Darwin Montgomery,(889) 581-9978
726,Mizule Nasalf Intl,Garland Allen,(381) 923-3248
727,Skizze Zapist Corp,Reuben Schmidt,(485) 696-7441
728,Tribop Rubarlo Corp,Kieth Frey,(987) 772-821
729,Kaloolon Ioditemote Inc,Earnestine Christensen,(969) 889-4574
730,Sepezz Amomistin Inc,Eunice Fleming,(663) 214-6323
731,Yammoe Obcalene Group,Cameron Silva,(738) 487-8686
732,Aloidia Yuperatio Inc,Josefa Rowland,(884) 843-7662
733,Noodile Syliar Corp,Miquel Fuller,(567) 341-4232
734,Moderock Fedacr  ,Freida Armstrong,(232) 485-346
735,Pounit Iniven Ent,Andy Levy,(788) 679-8580
736,Kaloolon Ubinid LLC,Jospeh Dyer,(335) 366-950
737,Roplixoo Eskaresi Corp,Shane Lucas,(456) 230-2966
738,Waratel Hyperki LLC,Amado Kirby,(664) 813-3625
739,Dizoolexa Glermansur Inc,Dorian Donaldson,(964) 217-680
740,Mafoblitz Cystor LLC,Weldon Hensley,(248) 870-6659
741,Reebus Jehica  ,Oswaldo Gilbert,(231) 375-6849
742,Loheckle Sesit Co,Marcos Deleon,(738) 679-4680
743,Plakill Gallik Inc,Paul Todd,(681) 824-2827
744,Aloidia Teoutt Corp,Fermin Faulkner,(756) 522-5711
745,Moderock Fluctioune Inc,Wm Horne,(878) 750-1867
746,Pepelexa Unroma LLC,Willy Nicholson,(846) 437-7589
747,Moderock Jeweerapp Inc,Kimberley Todd,(875) 591-303
748,Mizuxe Glutali LLC,Chrystal Parsons,(506) 486-2582
749,Plakill Chuga Inc,Lucas Griffith,(826) 964-7628
750,Mafoblitz Enven Co,Francis Mata,(628) 695-4100
751,Geosyog Zidatoma LLC,Errol Rivas,(974) 374-3724
752,Selatoo Engea LLC,Kieth Henderson,(251) 618-5782
753,Singlewave Baunca Corp,Tyson Vargas,(429) 469-1347
754,Zestybus Yuples Group,Weldon Mata,(687) 363-2700
755,Slabdrill Zapist Inc,Colton Dawson,(934) 748-5887
756,Mizule Chuga Inc,Brenton Henderson,(205) 375-929
757,Noodile Neperfula Corp,Dianna Cantu,(512) 256-7584
758,Dizoolexa Ouste Ent,Corinne Donaldson,(525) 868-5165
759,Rowlow Amomistin Group,Gus Mcguire,(365) 592-1768
760,Losenoid Evolodysta Inc,Titus Huff,(913) 818-5913
761,Norrisology Atleution  ,Meghan Cruz,(863) 590-826
762,Losenoid Cabormande  ,Bruce Koch,(916) 986-7638
763,Loheckle Nudspo Inc,Concepcion Vargas,(576) 950-2641
764,Xanpod Bailik Assoc,Eugene Cantu,(236) 475-6514
765,Ybuwyn Phterm Corp,Mari Terry,(257) 475-5538
766,Printure Rubarlo LLC,Bettye Hanson,(484) 275-8610
767,Loopnova Jejecil Co,Debbie Levy,(663) 380-8502
768,Uliratha Tapingle Co,Kaitlin Potter,(673) 484-9584
769,Geosyog Rical Inc,Timmy Deleon,(225) 723-4143
770,Dizoolexa Ioditemote Inc,Gladys Fritz,(613) 559-2979
771,Aloidia Rical Ent,Maryann Rubio,(651) 668-2887
772,Claster Lodynt Co,Freida Fuller,(922) 489-1867
773,Plakill Spyrie Corp,Donovan Russell,(465) 355-9602
774,Moderock Junceni Ent,Adrian Bowman,(644) 935-8864
775,Pirend Agnosill LLC,Gail Roth,(869) 575-9807
776,Bioyino Reshiporo Inc,Columbus Hudson,(279) 243-2915
777,Kaloolon Knesc Inc,Kimberley Mata,(737) 965-1160
778,Xanpod Lasitar Inc,Patti Horne,(455) 820-2745
779,Dropellet Reera Assoc,Garland Leach,(933) 551-2927
780,Uliratha Amomistin  ,Jospeh Kramer,(624) 241-7488
781,Lazap Zapist Group,Willy Blair,(228) 766-1437
782,Sertave Eologi LLC,Jeffry Edwards,(201) 370-5172
783,Claster Omnitinal Co,Angelina Gibson,(354) 647-2161
784,Drearien Reera Inc,Meghan Sexton,(566) 417-6969
785,Roplixoo Drumeno Assoc,Nettie Reeves,(727) 977-2651
786,Fuffap Mimin Inc,Freida Pruitt,(637) 844-8669
787,Jobox Bailik Group,Jed Rowland,(987) 624-2527
788,Plakill Nasalf Inc,Elvia Fuller,(324) 567-3681
789,Ferirama Drumeno Inc,Paul Prince,(924) 758-1629
790,Bioyino Kaseableco Inc,Sheldon Carter,(564) 418-4909
791,Pirend Eologi Inc,Concepcion Dyer,(889) 739-1417
792,Loodon Eskaresi Assoc,Oswaldo Gilbert,(934) 630-4505
793,Sertave Yuples Inc,Mitzi Bowen,(721) 959-3791
794,Moderock Ambolo LLC,Lyle Mata,(667) 263-4766
795,Loheckle Rhertister Group,Rosa Booker,(575) 762-7639
796,Creabird Tymnotenic Intl,Kristy Griffith,(916) 546-4267
797,Loheckle Hawardlist Corp,Oswaldo Baldwin,(374) 495-2493
798,Printure Zidatoma Inc,Jude Sexton,(412) 853-8681
799,Waratel Cabormande Co,Corinne Mata,(912) 278-348
800,Drearien Rubarlo Corp,Lucio Hood,(528) 434-6930
801,Pounit Smoutencri Intl,Courtney Jordan,(946) 292-7118
802,Mizule Eskaresi Inc,Dolores Cervantes,(642) 661-3182
803,Loodon Eurem Co,Gus Parsons,(849) 497-3343
804,Selatoo Glermansur Ent,Ilene Perez,(786) 597-2436
805,Tuttadit Ostres Co,Dominic Sexton,(489) 549-9759
806,Bioyino Gines Intl,Heath Nash,(661) 692-5221
807,Pepelexa Rhyotonrea Corp,Rogelio Crosby,(375) 983-9284
808,Geosyog Ambolo Inc,Fermin Faulkner,(462) 415-5328
809,Zestybus Mimin Ent,Timmy Gross,(455) 940-7381
810,Ybuwyn Enven Corp,Errol Ewing,(403) 673-3473
811,Drearien Bhaphi Inc,Charlene Rocha,(718) 231-5667
812,Ybuwyn Tymnotenic Inc,Weldon Neal,(549) 999-5750
813,Loodon Jodero Intl,Giuseppe Wells,(551) 937-7591
814,Pepelexa Teoutt Assoc,Jonas Love,(502) 376-2910
815,Yammoe Oartinge Group,Jospeh Kramer,(986) 225-9402
816,Geosyog Kaseableco Intl,Earnestine Castro,(808) 245-9208
817,Astauand Enven Corp,Mack Rowe,(849) 439-2710
818,Norrisology Syliar Group,Gail Sexton,(702) 842-4573
819,Xanpod Atleution Corp,Donn Savage,(205) 236-344
820,Moderock Evolodysta LLC,Ursula Perez,(828) 683-6645
821,Kaloolon Arsteotsa Inc,Ilene Compton,(706) 520-3928
822,Pepelexa Airtin LLC,Juliette Galloway,(666) 541-8501
823,Losenoid Smoutencri LLC,Fern Hansen,(608) 693-5932
824,Reebus Ostres Corp,Rogelio Gilbert,(513) 386-1876
825,Lazap Teoutt Group,Freida Hubbard,(721) 953-4187
826,Tribop Tsagetelli Assoc,May Haley,(843) 772-2134
827,Replitz Diwaneu Corp,Kieth Sharp,(635) 918-9108
828,Drearien Ticat LLC,Andreas Rowe,(278) 674-705
829,Loopnova Gastrin Group,Jude Case,(277) 816-606
830,Plakill Sesit Inc,Melody Garza,(432) 274-2452
831,Losenoid Alventy Inc,Eric Woodard,(254) 822-8491
832,Aloidia Eologi Ent,Claire Gibson,(752) 935-6641
833,Roplixoo Enven LLC,Jospeh Shah,(418) 716-9747
834,Mafoblitz Sminde LLC,Marcos West,(452) 918-4303
835,Mafoblitz Glutali Assoc,Sheldon Warren,(333) 353-4409
836,Dropellet Ooter Ent,Maude Carter,(285) 342-372
837,Kaloolon Diwativoc Assoc,Marcelino Barrett,(589) 216-1102
838,Ferirama Kadne Inc,Dianna Whitehead,(965) 328-5196
839,Yammoe Jehica Corp,Andreas Hubbard,(388) 653-2154
840,Zestybus Miress Inc,Trudy Frey,(536) 421-726
841,Waratel Bailik Group,Miquel Wilkerson,(481) 286-893
842,Waratel Nudspo Corp,Freida Mcdowell,(354) 956-9327
843,Plakill Erodlegium LLC,Ira Mullen,(775) 443-8795
844,Mizule Obcalene Ent,Wm Gross,(245) 370-2881
845,Creabird Djecali LLC,Brendon Francis,(242) 722-9741
846,Singlewave Oartinge LLC,Deanna Francis,(449) 929-3138
847,Plakill Ambolo Co,Odessa Vargas,(508) 583-737
848,Loheckle Fignatini Group,Dolores Moreno,(848) 839-2195
849,Loodon Murialt Corp,Gail Dodson,(514) 748-5378
850,Slabdrill Zidatoma Corp,Wendi Edwards,(315) 465-3379
851,Reebus Diwativoc LLC,Refugio Walter,(313) 975-9472
852,Losenoid Unroma Corp,Jeffry Haley,(534) 754-4741
853,Pounit Gabulsita LLC,Concepcion Valenzuela,(755) 290-7549
854,Reebus Adylliack Inc,Marsha Allen,(904) 870-4582
855,Replitz Nasalf Intl,Addie Espinoza,(521) 522-6198
856,Singlewave Engea Assoc,Amado Hoover,(685) 652-992
857,Skizze Asquityali Corp,Fermin Faulkner,(971) 883-1419
858,Norrisology Rical Inc,Marcelino Francis,(714) 398-2411
859,Drearien Dupendface Inc,Brenton Calhoun,(639) 532-7989
860,Xanpod Soverm Co,Ilene Johnson,(849) 820-9698
861,Skizze Unroma Group,Demetrius Harrison,(906) 994-5884
862,Norrisology Fluctioune Ent,Savannah Dodson,(615) 391-1404
863,Norrisology Lutridia Corp,Milagros Wallace,(708) 837-2891
864,Reebus Knesc Corp,Refugio Bowen,(722) 214-4710
865,Mafoblitz Enven Co,Concepcion Perez,(982) 415-3952
866,Mizuxe Icoosphom Assoc,Judson Peck,(521) 522-6198
867,Pegmode Fevento Inc,Mack Mcbride,(409) 657-6923
868,Tuttadit Kowbedarcu Intl,Chrystal Shields,(478) 338-4264
869,Ybuwyn Hucalw Group,Chung Donovan,(424) 425-8596
870,Mizuxe Jehica Corp,Marcos Leach,(578) 846-572
871,Mizule Baunca Inc,Adrian Stark,(945) 254-8784
872,Claster Uttatio Ent,Charlene Gomez,(745) 240-9892
873,Zestybus Teoutt Co,Debra Cruz,(311) 234-7305
874,Pegmode Vatorgingr Inc,Asa Davidson,(611) 385-6906
875,Mafoblitz Sesit Corp,Eugenio Romero,(747) 959-9166
876,Moderock Jejecil Ent,Tamra Donovan,(512) 957-3765
877,Moderock Iness Intl,Moses Vargas,(352) 472-7521
878,Loheckle Uttatio Assoc,Alta Bean,(506) 725-4746
879,Loheckle Hucalw Inc,Brendon Lucas,(513) 386-1876
880,Kaloolon Numbr Inc,Chi Rowland,(312) 528-8263
881,Firehorse Pumboarthe LLC,Francisco Hensley,(437) 281-8630
882,Slabdrill Glermansur Inc,Heath Nash,(523) 385-4964
883,Pirend Zoono Corp,Lemuel Gregory,(402) 718-1538
884,Sepezz Vavena Corp,Josefa Young,(972) 356-7673
885,Astauand Omnitinal Corp,Lincoln Ingram,(319) 225-9836
886,Claster Domov LLC,Chrystal Shields,(486) 842-5509
887,Pepelexa Lasitar Ent,Corinne Jordan,(481) 665-1372
888,Mafoblitz Jodero LLC,Sara Sanchez,(727) 429-2386
889,Slabdrill Ephro Corp,Vickie Pitts,(813) 933-9265
890,Zestybus Tapingle Inc,Maude Boyer,(252) 672-6291
891,Noodile Syliar Corp,Dianna Whitney,(623) 353-6498
892,Sertave Cakip Corp,Kristopher Gregory,(409) 372-3301
893,Loodon Goitlen Corp,Saul Parsons,(386) 439-3745
894,Kaloolon Ephro Assoc,Tamra Burnett,(446) 631-4454
895,Tribop Batib Corp,Eugene Rivers,(603) 715-8128
896,Sertave Iness Inc,Dolores Moreno,(839) 368-8392
897,Aloidia Yuperatio Inc,Asa Hansen,(766) 773-9723
898,Dizoolexa Incep LLC,Dora Cantu,(516) 457-7185
899,Loheckle Zapist Inc,Toni Love,(713) 788-8275
900,Reebus Reera Assoc,Moses Stanley,(747) 329-7413
901,Singlewave Zidatoma Assoc,Stephan Schroeder,(274) 914-2611
902,Dizoolexa Pebeadella Group,Milford Jordan,(518) 426-1784
903,Plakill Adylliack Corp,Demetrius Arnold,(752) 584-3317
904,Selatoo Nasalf Intl,Angie Shah,(976) 883-9445
905,Singlewave Oviveolo Assoc,Gail Fleming,(508) 583-737
906,Astauand Phterm Intl,Britt Fleming,(783) 434-8571
907,Fuffap Cystor LLC,Jed Delacruz,(744) 369-8771
908,Singlewave Eudor Group,Amanda Hurley,(577) 739-1745
909,Sertave Reshiporo Intl,Milford Huff,(556) 324-678
910,Bioyino Neastr LLC,Milford Kramer,(244) 513-6983
911,Pepelexa Uttatio Ent,Vickie Pitts,(239) 313-5901
912,Rowlow Enven Assoc,Chung Walter,(959) 812-4225
913,Norrisology Ouste Corp,Graig Franco,(847) 997-5612
914,Norrisology Walatioce Inc,Rolf Booker,(442) 957-8732
915,Pepelexa Jejecil LLC,Brendon Vargas,(266) 864-895
916,Singlewave Icoosphom Assoc,Cody Gregory,(317) 954-7831
917,Norrisology Chuga Assoc,Graig Cohen,(833) 516-7348
918,Pounit Iniven Ent,Kieth Velasquez,(611) 487-684
919,Sepezz Kaseableco Inc,Rosa Koch,(279) 681-945
920,Norrisology Piberiarri Inc,Virgil Calhoun,(261) 611-2468
921,Mizuxe Dupendface Inc,Debbie Nash,(809) 528-4456
922,Pirend Dupendface Inc,Oscar Palmer,(658) 491-9726
923,Loheckle Erodlegium Co,Charlene Mcintyre,(487) 523-4466
924,Tuttadit Domov Corp,Colton Mcintyre,(648) 795-8883
925,Reebus Jehica  ,Demetrius Young,(764) 757-4483
926,Mizule Bhaphi Corp,Sheldon Warren,(275) 237-3898
927,Loheckle Fignatini Group,Brenton Rowland,(837) 368-8193
928,Norrisology Eurem LLC,Sheldon Arnold,(742) 499-9591
929,Jobox Bhaphi Assoc,Marcellus Ponce,(275) 249-8344
930,Loopnova Sluspo LLC,Debra Stephenson,(629) 971-139
931,Claster Hagenun Corp,Toni Bond,(914) 277-8289
932,Pegmode Engea Inc,Patti Baldwin,(935) 861-6585
933,Waratel Feyseneum Inc,Errol Dawson,(454) 337-4542
934,Roplixoo Tapingle Co,Sheldon Wu,(633) 529-5372
935,Plakill Escencov Inc,Adrian David,(428) 235-590
936,Firehorse Spyrie  ,Ezekiel Barrett,(688) 958-4721
937,Skizze Agnosill Inc,Brenton Hensley,(741) 528-9251
938,Yammoe Etnessinco LLC,Addie Baldwin,(778) 499-7340
939,Dizoolexa Hyperki Corp,Ezequiel Baldwin,(835) 736-8412
940,Skizze Hucalw Assoc,Clare Reeves,(305) 480-655
941,Dizoolexa Scepre Inc,Eugene Levy,(357) 377-3971
942,Pepelexa Spyrie Ent,Keith Compton,(362) 482-7747
943,Pegmode Tsagetelli Group,Willy Henderson,(521) 995-8346
944,Drearien Esequalabl Corp,Jude Garrison,(863) 535-1632
945,Loodon Glermansur Corp,Marcelino Mcdowell,(567) 526-6291
946,Plakill Domov Corp,Tamra Levy,(773) 667-3909
947,Kaloolon Gabulsita Group,Fermin Stark,(948) 340-1731
948,Zestybus Thuraginif LLC,Fredric Delacruz,(351) 865-5393
949,Loheckle Etnessinco Corp,Marcelino Gomez,(625) 975-118
950,Slabdrill Fignatini Corp,Wade Austin,(673) 579-7232
951,Sertave Jodero Assoc,Eugene Young,(633) 551-3645
952,Noodile Ticat Inc,Chung Donovan,(607) 634-6452
953,Mizuxe Hientu LLC,Moshe Horton,(456) 430-4597
954,Creabird Lasitar Ent,Brenton Calhoun,(982) 234-5293
955,Geosyog Rebultule Inc,Colton Rhodes,(731) 842-7249
956,Creabird Icoosphom Inc,Lemuel Jordan,(947) 486-4622
957,Claster Enven Group,Andy Rowe,(606) 560-4754
958,Sertave Escencov Intl,Lucas Savage,(302) 410-4861
959,Rowlow Fevento Group,Brenton Neal,(884) 629-1738
960,Firehorse Rhyotonrea Corp,Corinne Ingram,(665) 395-910
961,Tribop Omnitinal Group,Reba Mata,(985) 643-6926
962,Roplixoo Etnessinco Intl,Anna Romero,(565) 289-5388
963,Replitz Knesc Group,Chi Valentine,(249) 824-1504
964,Mafoblitz Ambolo Co,Dominic Stephenson,(515) 797-4256
965,Loodon Kowbedarcu Inc,Paul Coffey,(587) 966-3410
966,Pirend Esequalabl Ent,Ester Frey,(332) 891-3146
967,Bioyino Asquityali Group,Miquel Waller,(416) 941-3843
968,Aloidia Fluctioune Inc,Bruce Allen,(712) 286-8221
969,Tribop Rical Inc,Antonio Jensen,(354) 937-163
970,Loodon Diwaneu Corp,Marla Palmer,(714) 844-302
971,Pegmode Ambolo  ,Antonio Hurley,(428) 721-7617
972,Pepelexa Hucalw  ,Mack Rowe,(517) 766-7547
973,Firehorse Eudsp Intl,Marcellus Cantu,(244) 424-1737
974,Plakill Zednencle Group,Francis Bean,(273) 710-3747
975,Slabdrill Nammentine LLC,Amanda Jones,(464) 510-7755
976,Singlewave Mimin LLC,Reuben Compton,(236) 475-6514
977,Astauand Jehica Corp,Dorian Kelley,(554) 627-9421
978,Bioyino Orriga Corp,Ezequiel Gibson,(919) 679-788
979,Pegmode Zidatoma Corp,Juliette Henderson,(889) 739-1417
980,Norrisology Nopho Group,Jackson Holder,(761) 746-2566
981,Creabird Omnesso  ,Brenton Chan,(212) 647-2797
982,Drearien Djecali Corp,Maude Marquez,(905) 818-9260
983,Mizuxe Sminde Inc,Rolf Shields,(471) 479-8297
984,Firehorse Smoutencri Inc,Gail Roth,(559) 936-2203
985,Yammoe Spyrie LLC,Serena Sexton,(816) 784-1115
986,Kaloolon Jehica Inc,Melody Castro,(574) 213-5144
987,Astauand Nammentine Intl,Sue Sexton,(977) 334-7329
988,Uliratha Reera Co,Lyle Mcmillan,(414) 694-5672
989,Creabird Glutali Assoc,Maude Harrison,(982) 421-2879
990,Norrisology Rhertister Corp,Willian Kramer,(468) 851-8135
991,Skizze Yuples  ,Andy Galloway,(534) 290-2344
992,Sepezz Eologi Assoc,Janna Carney,(225) 392-3246
993,Bioyino Goitlen Co,Eric Gross,(242) 411-3681
994,Plakill Vatorgingr Corp,Angelia Palmer,(923) 856-2893
995,Claster Omnitinal Co,Melody Chan,(808) 366-8398
996,Slabdrill Shukablet Assoc,Emmitt Sexton,(813) 877-1607
997,Pounit Cystor Inc,Amado Prince,(976) 834-3577
998,Ferirama Eudor Ent,Ronda Foley,(274) 250-9275
999,Loodon Omnesso Inc,Nettie Wells,(765) 575-3795
